Title,Description,Link,Media URL,Pinterest board,Publish date
Printable Free 12 Addition Math Worksheet For Grade 1 | Printable Practice,Help kids master Addition with this printable worksheet for Grade 1. Great for daily math practice.,https://mathworksheetcenter.github.io/html/printable-free-12-addition-math-worksheet-for-grade-1-8931.html,https://mathworksheetcenter.github.io/images/printable-free-12-addition-math-worksheet-for-grade-1-8931.jpg,Elementary Math Activities,03/17/2026 08:36:00 AM
Preschool Count and Color Shapes Worksheet,Teachers and parents love this Count and Color worksheet for Preschool. Download and print instantly.,https://mathworksheetcenter.github.io/html/preschool-count-and-color-shapes-worksheet-8871.html,https://mathworksheetcenter.github.io/images/preschool-count-and-color-shapes-worksheet-8871.jpg,Elementary Math Activities,03/17/2026 11:02:00 AM
Free Counting Objects Worksheet For Kindergarten Printable - Part 3 | Printable Practice,Help kids master Counting Objects with this printable worksheet for Kindergarten. Great for daily math practice.,https://mathworksheetcenter.github.io/html/free-counting-objects-worksheet-for-kindergarten-printable-part-3-8732.html,https://mathworksheetcenter.github.io/images/free-counting-objects-worksheet-for-kindergarten-printable-part-3-8732.jpg,Kids Math Worksheets,03/17/2026 01:37:00 PM
Free 29 Division Math Worksheet For Grade 2 With Answers - Part 4 | Printable Practice,Fun and engaging Division worksheet for Grade 2. Perfect printable math practice.,https://mathworksheetcenter.github.io/html/free-29-division-math-worksheet-for-grade-2-with-answers-part-4-5506.html,https://mathworksheetcenter.github.io/images/free-29-division-math-worksheet-for-grade-2-with-answers-part-4-5506.jpg,Elementary Math Activities,03/17/2026 04:24:00 PM
4 Math Knowledge Test Training Worksheet for Teens,Help kids master Math with this printable worksheet for Math. Great for daily math practice.,https://mathworksheetcenter.github.io/html/4-math-knowledge-test-training-worksheet-for-teens-3079.html,https://mathworksheetcenter.github.io/images/4-math-knowledge-test-training-worksheet-for-teens-3079.jpg,Kids Math Worksheets,03/17/2026 08:34:00 PM
Missing Number Math Worksheet,Teachers and parents love this Missing Number worksheet for Grade 1. Download and print instantly.,https://mathworksheetcenter.github.io/html/missing-number-math-worksheet-8213.html,https://mathworksheetcenter.github.io/images/missing-number-math-worksheet-8213.jpg,Kids Math Worksheets,03/18/2026 08:24:00 AM
Mixed Operations Math Worksheet,Fun and engaging Mixed Operations worksheet for Grade 3. Perfect printable math practice.,https://mathworksheetcenter.github.io/html/mixed-operations-math-worksheet-2893.html,https://mathworksheetcenter.github.io/images/mixed-operations-math-worksheet-2893.jpg,Math Practice Printables,03/18/2026 11:02:00 AM
Printable Free 27 Multiplication Math Worksheet For Grade 2 - Part 8 | Printable Practice,Help kids master Multiplication with this printable worksheet for Grade 2. Great for daily math practice.,https://mathworksheetcenter.github.io/html/printable-free-27-multiplication-math-worksheet-for-grade-2-part-8-6914.html,https://mathworksheetcenter.github.io/images/printable-free-27-multiplication-math-worksheet-for-grade-2-part-8-6914.jpg,Printable Worksheets,03/18/2026 01:33:00 PM
Printable Free 12 Subtraction Math Worksheet For Grade 2 - Part 9 | Printable Practice,Fun and engaging Subtraction worksheet for Grade 2. Perfect printable math practice.,https://mathworksheetcenter.github.io/html/printable-free-12-subtraction-math-worksheet-for-grade-2-part-9-5298.html,https://mathworksheetcenter.github.io/images/printable-free-12-subtraction-math-worksheet-for-grade-2-part-9-5298.jpg,Homeschool Math,03/18/2026 04:29:00 PM
Printable 6 Times Table Worksheet For Grade 3 - Part 10 | Printable Practice,Free printable Times Table worksheet for Grade 3. Perfect for homeschool practice and classroom activities.,https://mathworksheetcenter.github.io/html/printable-6-times-table-worksheet-for-grade-3-part-10-9393.html,https://mathworksheetcenter.github.io/images/printable-6-times-table-worksheet-for-grade-3-part-10-9393.jpg,Homeschool Math,03/18/2026 08:35:00 PM
Printable Tracing Worksheet For Kids - Part 11 | Free Printable,Help kids master Tracing with this printable worksheet for Preschool. Great for daily math practice.,https://mathworksheetcenter.github.io/html/printable-tracing-worksheet-for-kids-part-11-5863.html,https://mathworksheetcenter.github.io/images/printable-tracing-worksheet-for-kids-part-11-5863.jpg,Elementary Math Activities,03/19/2026 08:26:00 AM
Math Word Problem Worksheet,Fun and engaging Word Problem worksheet for Grade 3. Perfect printable math practice.,https://mathworksheetcenter.github.io/html/math-word-problem-worksheet-2839.html,https://mathworksheetcenter.github.io/images/math-word-problem-worksheet-2839.jpg,Elementary Math Activities,03/19/2026 11:05:00 AM
Printable Free 20 Addition Math Worksheet For Grade 1 - Part 13 | Printable Practice,Teachers and parents love this Addition worksheet for Grade 1. Download and print instantly.,https://mathworksheetcenter.github.io/html/printable-free-20-addition-math-worksheet-for-grade-1-part-13-7587.html,https://mathworksheetcenter.github.io/images/printable-free-20-addition-math-worksheet-for-grade-1-part-13-7587.jpg,Homeschool Math,03/19/2026 01:27:00 PM
Fun Count and Color Objects Worksheet for Grade 1,Help kids master Count and Color with this printable worksheet for Grade 1. Great for daily math practice.,https://mathworksheetcenter.github.io/html/fun-count-and-color-objects-worksheet-for-grade-1-7595.html,https://mathworksheetcenter.github.io/images/fun-count-and-color-objects-worksheet-for-grade-1-7595.jpg,Kids Math Worksheets,03/19/2026 04:28:00 PM
Free Counting Objects Worksheet For Kindergarten - Part 15 | Printable Practice,Help kids master Counting Objects with this printable worksheet for Kindergarten. Great for daily math practice.,https://mathworksheetcenter.github.io/html/free-counting-objects-worksheet-for-kindergarten-part-15-7898.html,https://mathworksheetcenter.github.io/images/free-counting-objects-worksheet-for-kindergarten-part-15-7898.jpg,Elementary Math Activities,03/19/2026 08:29:00 PM
Free 26 Division Math Worksheet For Grade 1 - Part 16 | Printable Practice,Fun and engaging Division worksheet for Grade 1. Perfect printable math practice.,https://mathworksheetcenter.github.io/html/free-26-division-math-worksheet-for-grade-1-part-16-7739.html,https://mathworksheetcenter.github.io/images/free-26-division-math-worksheet-for-grade-1-part-16-7739.jpg,Printable Worksheets,03/20/2026 08:25:00 AM
General Knowledge Math Challenge Printable Worksheet,Fun and engaging Math worksheet for Math. Perfect printable math practice.,https://mathworksheetcenter.github.io/html/general-knowledge-math-challenge-printable-worksheet-4576.html,https://mathworksheetcenter.github.io/images/general-knowledge-math-challenge-printable-worksheet-4576.jpg,Elementary Math Activities,03/20/2026 11:00:00 AM
Missing Number Math Worksheet,Teachers and parents love this Missing Number worksheet for Grade 1. Download and print instantly.,https://mathworksheetcenter.github.io/html/missing-number-math-worksheet-4348.html,https://mathworksheetcenter.github.io/images/missing-number-math-worksheet-4348.jpg,Printable Worksheets,03/20/2026 01:30:00 PM
Mixed Operations Math Worksheet,Help kids master Mixed Operations with this printable worksheet for Grade 3. Great for daily math practice.,https://mathworksheetcenter.github.io/html/mixed-operations-math-worksheet-8706.html,https://mathworksheetcenter.github.io/images/mixed-operations-math-worksheet-8706.jpg,Kids Math Worksheets,03/20/2026 04:35:00 PM
Printable Free 14 Multiplication Math Worksheet For Grade 2 - Part 20 | Printable Practice,Teachers and parents love this Multiplication worksheet for Grade 2. Download and print instantly.,https://mathworksheetcenter.github.io/html/printable-free-14-multiplication-math-worksheet-for-grade-2-part-20-3736.html,https://mathworksheetcenter.github.io/images/printable-free-14-multiplication-math-worksheet-for-grade-2-part-20-3736.jpg,Math Practice Printables,03/20/2026 08:34:00 PM
Grade 3 Subtraction Practice Worksheet (30 Problems) - Part 21 | Printable Practice,Printable Subtraction worksheet designed for Grade 3 students. Easy and fun math practice.,https://mathworksheetcenter.github.io/html/grade-3-subtraction-practice-worksheet-30-problems-part-21-5325.html,https://mathworksheetcenter.github.io/images/grade-3-subtraction-practice-worksheet-30-problems-part-21-5325.jpg,Elementary Math Activities,03/21/2026 08:33:00 AM
Grade 3 Multiplication Table 9 Practice - Part 22 | Printable Practice,Fun and engaging Times Table worksheet for Grade 3. Perfect printable math practice.,https://mathworksheetcenter.github.io/html/grade-3-multiplication-table-9-practice-part-22-8026.html,https://mathworksheetcenter.github.io/images/grade-3-multiplication-table-9-practice-part-22-8026.jpg,Homeschool Math,03/21/2026 11:00:00 AM
Printable Tracing Worksheet For Kids - Part 23 | Free Printable,Free printable Tracing worksheet for Kindergarten. Perfect for homeschool practice and classroom activities.,https://mathworksheetcenter.github.io/html/printable-tracing-worksheet-for-kids-part-23-7052.html,https://mathworksheetcenter.github.io/images/printable-tracing-worksheet-for-kids-part-23-7052.jpg,Elementary Math Activities,03/21/2026 01:28:00 PM
Math Word Problem Worksheet,Free printable Word Problem worksheet for Grade 3. Perfect for homeschool practice and classroom activities.,https://mathworksheetcenter.github.io/html/math-word-problem-worksheet-4360.html,https://mathworksheetcenter.github.io/images/math-word-problem-worksheet-4360.jpg,Printable Worksheets,03/21/2026 04:27:00 PM
Printable Free 27 Addition Math Worksheet For Grade 3 - Part 25 | Printable Practice,Help kids master Addition with this printable worksheet for Grade 3. Great for daily math practice.,https://mathworksheetcenter.github.io/html/printable-free-27-addition-math-worksheet-for-grade-3-part-25-1423.html,https://mathworksheetcenter.github.io/images/printable-free-27-addition-math-worksheet-for-grade-3-part-25-1423.jpg,Math Practice Printables,03/21/2026 08:27:00 PM
"Count and Color Apple, Flower, Apple Worksheet for Kids",Free printable Count and Color worksheet for Kindergarten. Perfect for homeschool practice and classroom activities.,https://mathworksheetcenter.github.io/html/count-and-color-apple-flower-apple-worksheet-for-kids-2230.html,https://mathworksheetcenter.github.io/images/count-and-color-apple-flower-apple-worksheet-for-kids-2230.jpg,Kids Math Worksheets,03/22/2026 08:36:00 AM
Free Counting Objects Worksheet For Kindergarten Printable - Part 27 | Printable Practice,Teachers and parents love this Counting Objects worksheet for Kindergarten. Download and print instantly.,https://mathworksheetcenter.github.io/html/free-counting-objects-worksheet-for-kindergarten-printable-part-27-5680.html,https://mathworksheetcenter.github.io/images/free-counting-objects-worksheet-for-kindergarten-printable-part-27-5680.jpg,Elementary Math Activities,03/22/2026 11:01:00 AM
Grade 1 Division Practice Worksheet (16 Problems) - Part 28 | Printable Practice,Help kids master Division with this printable worksheet for Grade 1. Great for daily math practice.,https://mathworksheetcenter.github.io/html/grade-1-division-practice-worksheet-16-problems-part-28-9198.html,https://mathworksheetcenter.github.io/images/grade-1-division-practice-worksheet-16-problems-part-28-9198.jpg,Printable Worksheets,03/22/2026 01:28:00 PM
Interactive Math Quiz Test Worksheet for Study,Free printable Math worksheet for Math. Perfect for homeschool practice and classroom activities.,https://mathworksheetcenter.github.io/html/interactive-math-quiz-test-worksheet-for-study-6830.html,https://mathworksheetcenter.github.io/images/interactive-math-quiz-test-worksheet-for-study-6830.jpg,Elementary Math Activities,03/22/2026 04:36:00 PM
Missing Number Math Worksheet,Help kids master Missing Number with this printable worksheet for Grade 1. Great for daily math practice.,https://mathworksheetcenter.github.io/html/missing-number-math-worksheet-6868.html,https://mathworksheetcenter.github.io/images/missing-number-math-worksheet-6868.jpg,Elementary Math Activities,03/22/2026 08:28:00 PM
Mixed Operations Math Worksheet,Free printable Mixed Operations worksheet for Grade 3. Perfect for homeschool practice and classroom activities.,https://mathworksheetcenter.github.io/html/mixed-operations-math-worksheet-2443.html,https://mathworksheetcenter.github.io/images/mixed-operations-math-worksheet-2443.jpg,Elementary Math Activities,03/23/2026 08:32:00 AM
Printable Free 14 Multiplication Math Worksheet For Grade 2 - Part 32 | Printable Practice,Printable Multiplication worksheet designed for Grade 2 students. Easy and fun math practice.,https://mathworksheetcenter.github.io/html/printable-free-14-multiplication-math-worksheet-for-grade-2-part-32-1736.html,https://mathworksheetcenter.github.io/images/printable-free-14-multiplication-math-worksheet-for-grade-2-part-32-1736.jpg,Printable Worksheets,03/23/2026 11:01:00 AM
Printable Free 24 Subtraction Math Worksheet For Grade 2 - Part 33 | Printable Practice,Teachers and parents love this Subtraction worksheet for Grade 2. Download and print instantly.,https://mathworksheetcenter.github.io/html/printable-free-24-subtraction-math-worksheet-for-grade-2-part-33-7423.html,https://mathworksheetcenter.github.io/images/printable-free-24-subtraction-math-worksheet-for-grade-2-part-33-7423.jpg,Printable Worksheets,03/23/2026 01:33:00 PM
9 Times Table Worksheet For Grade 3 - Part 34 | Printable Practice,Printable Times Table worksheet designed for Grade 3 students. Easy and fun math practice.,https://mathworksheetcenter.github.io/html/9-times-table-worksheet-for-grade-3-part-34-7723.html,https://mathworksheetcenter.github.io/images/9-times-table-worksheet-for-grade-3-part-34-7723.jpg,Elementary Math Activities,03/23/2026 04:36:00 PM
Printable Tracing Worksheet For Kids - Part 35 | Free Printable,Help kids master Tracing with this printable worksheet for Kindergarten. Great for daily math practice.,https://mathworksheetcenter.github.io/html/printable-tracing-worksheet-for-kids-part-35-8860.html,https://mathworksheetcenter.github.io/images/printable-tracing-worksheet-for-kids-part-35-8860.jpg,Homeschool Math,03/23/2026 08:30:00 PM
Math Word Problem Worksheet,Teachers and parents love this Word Problem worksheet for Grade 3. Download and print instantly.,https://mathworksheetcenter.github.io/html/math-word-problem-worksheet-7690.html,https://mathworksheetcenter.github.io/images/math-word-problem-worksheet-7690.jpg,Printable Worksheets,03/24/2026 08:37:00 AM
Free 21 Addition Math Worksheet For Grade 3 With Answers - Part 37 | Printable Practice,Help kids master Addition with this printable worksheet for Grade 3. Great for daily math practice.,https://mathworksheetcenter.github.io/html/free-21-addition-math-worksheet-for-grade-3-with-answers-part-37-7897.html,https://mathworksheetcenter.github.io/images/free-21-addition-math-worksheet-for-grade-3-with-answers-part-37-7897.jpg,Kids Math Worksheets,03/24/2026 11:00:00 AM
Free Grade 1 Count and Color Worksheet,Printable Count and Color worksheet designed for Grade 1 students. Easy and fun math practice.,https://mathworksheetcenter.github.io/html/free-grade-1-count-and-color-worksheet-1289.html,https://mathworksheetcenter.github.io/images/free-grade-1-count-and-color-worksheet-1289.jpg,Kids Math Worksheets,03/24/2026 01:34:00 PM
Free Counting Objects Worksheet For Kindergarten Printable - Part 39 | Printable Practice,Teachers and parents love this Counting Objects worksheet for Kindergarten. Download and print instantly.,https://mathworksheetcenter.github.io/html/free-counting-objects-worksheet-for-kindergarten-printable-part-39-1728.html,https://mathworksheetcenter.github.io/images/free-counting-objects-worksheet-for-kindergarten-printable-part-39-1728.jpg,Kids Math Worksheets,03/24/2026 04:27:00 PM
Printable Free 28 Division Math Worksheet For Grade 2 - Part 40 | Printable Practice,Teachers and parents love this Division worksheet for Grade 2. Download and print instantly.,https://mathworksheetcenter.github.io/html/printable-free-28-division-math-worksheet-for-grade-2-part-40-6507.html,https://mathworksheetcenter.github.io/images/printable-free-28-division-math-worksheet-for-grade-2-part-40-6507.jpg,Elementary Math Activities,03/24/2026 08:24:00 PM
4 General Math Quiz Test Worksheet,Free printable Math worksheet for Math. Perfect for homeschool practice and classroom activities.,https://mathworksheetcenter.github.io/html/4-general-math-quiz-test-worksheet-6523.html,https://mathworksheetcenter.github.io/images/4-general-math-quiz-test-worksheet-6523.jpg,Kids Math Worksheets,03/25/2026 08:34:00 AM
Missing Number Math Worksheet,Fun and engaging Missing Number worksheet for Grade 1. Perfect printable math practice.,https://mathworksheetcenter.github.io/html/missing-number-math-worksheet-5408.html,https://mathworksheetcenter.github.io/images/missing-number-math-worksheet-5408.jpg,Elementary Math Activities,03/25/2026 11:00:00 AM
Mixed Operations Math Worksheet,Printable Mixed Operations worksheet designed for Grade 3 students. Easy and fun math practice.,https://mathworksheetcenter.github.io/html/mixed-operations-math-worksheet-4909.html,https://mathworksheetcenter.github.io/images/mixed-operations-math-worksheet-4909.jpg,Printable Worksheets,03/25/2026 01:35:00 PM
Free 28 Multiplication Math Worksheet For Grade 1 - Part 44 | Printable Practice,Teachers and parents love this Multiplication worksheet for Grade 1. Download and print instantly.,https://mathworksheetcenter.github.io/html/free-28-multiplication-math-worksheet-for-grade-1-part-44-2523.html,https://mathworksheetcenter.github.io/images/free-28-multiplication-math-worksheet-for-grade-1-part-44-2523.jpg,Kids Math Worksheets,03/25/2026 04:28:00 PM
Free 17 Subtraction Math Worksheet For Grade 2 - Part 45 | Printable Practice,Help kids master Subtraction with this printable worksheet for Grade 2. Great for daily math practice.,https://mathworksheetcenter.github.io/html/free-17-subtraction-math-worksheet-for-grade-2-part-45-5618.html,https://mathworksheetcenter.github.io/images/free-17-subtraction-math-worksheet-for-grade-2-part-45-5618.jpg,Printable Worksheets,03/25/2026 08:24:00 PM
9 Times Table Worksheet For Grade 3 - Part 46 | Printable Practice,Fun and engaging Times Table worksheet for Grade 3. Perfect printable math practice.,https://mathworksheetcenter.github.io/html/9-times-table-worksheet-for-grade-3-part-46-4177.html,https://mathworksheetcenter.github.io/images/9-times-table-worksheet-for-grade-3-part-46-4177.jpg,Kids Math Worksheets,03/26/2026 08:23:00 AM
Printable Tracing Worksheet For Kids - Part 47 | Free Printable,Teachers and parents love this Tracing worksheet for Preschool. Download and print instantly.,https://mathworksheetcenter.github.io/html/printable-tracing-worksheet-for-kids-part-47-4184.html,https://mathworksheetcenter.github.io/images/printable-tracing-worksheet-for-kids-part-47-4184.jpg,Elementary Math Activities,03/26/2026 11:05:00 AM
Math Word Problem Worksheet,Fun and engaging Word Problem worksheet for Grade 3. Perfect printable math practice.,https://mathworksheetcenter.github.io/html/math-word-problem-worksheet-1751.html,https://mathworksheetcenter.github.io/images/math-word-problem-worksheet-1751.jpg,Math Practice Printables,03/26/2026 01:35:00 PM
Printable Free 30 Addition Math Worksheet For Grade 1 - Part 49 | Printable Practice,Printable Addition worksheet designed for Grade 1 students. Easy and fun math practice.,https://mathworksheetcenter.github.io/html/printable-free-30-addition-math-worksheet-for-grade-1-part-49-4548.html,https://mathworksheetcenter.github.io/images/printable-free-30-addition-math-worksheet-for-grade-1-part-49-4548.jpg,Kids Math Worksheets,03/26/2026 04:27:00 PM
Fun Count and Color Objects Worksheet for Grade 1,Free printable Count and Color worksheet for Grade 1. Perfect for homeschool practice and classroom activities.,https://mathworksheetcenter.github.io/html/fun-count-and-color-objects-worksheet-for-grade-1-9229.html,https://mathworksheetcenter.github.io/images/fun-count-and-color-objects-worksheet-for-grade-1-9229.jpg,Homeschool Math,03/26/2026 08:32:00 PM
Free Counting Objects Worksheet For Kindergarten - Part 51 | Printable Practice,Printable Counting Objects worksheet designed for Kindergarten students. Easy and fun math practice.,https://mathworksheetcenter.github.io/html/free-counting-objects-worksheet-for-kindergarten-part-51-7822.html,https://mathworksheetcenter.github.io/images/free-counting-objects-worksheet-for-kindergarten-part-51-7822.jpg,Printable Worksheets,03/27/2026 08:32:00 AM
Free 22 Division Math Worksheet For Grade 2 - Part 52 | Printable Practice,Teachers and parents love this Division worksheet for Grade 2. Download and print instantly.,https://mathworksheetcenter.github.io/html/free-22-division-math-worksheet-for-grade-2-part-52-9039.html,https://mathworksheetcenter.github.io/images/free-22-division-math-worksheet-for-grade-2-part-52-9039.jpg,Printable Worksheets,03/27/2026 11:07:00 AM
Challenging Math Challenge Worksheet,Teachers and parents love this Math worksheet for Math. Download and print instantly.,https://mathworksheetcenter.github.io/html/challenging-math-challenge-worksheet-9316.html,https://mathworksheetcenter.github.io/images/challenging-math-challenge-worksheet-9316.jpg,Printable Worksheets,03/27/2026 01:34:00 PM
Missing Number Math Worksheet,Help kids master Missing Number with this printable worksheet for Grade 1. Great for daily math practice.,https://mathworksheetcenter.github.io/html/missing-number-math-worksheet-4355.html,https://mathworksheetcenter.github.io/images/missing-number-math-worksheet-4355.jpg,Elementary Math Activities,03/27/2026 04:26:00 PM
Mixed Operations Math Worksheet,Printable Mixed Operations worksheet designed for Grade 3 students. Easy and fun math practice.,https://mathworksheetcenter.github.io/html/mixed-operations-math-worksheet-7681.html,https://mathworksheetcenter.github.io/images/mixed-operations-math-worksheet-7681.jpg,Elementary Math Activities,03/27/2026 08:31:00 PM
Grade 2 Multiplication Practice Worksheet (11 Problems) - Part 56 | Printable Practice,Teachers and parents love this Multiplication worksheet for Grade 2. Download and print instantly.,https://mathworksheetcenter.github.io/html/grade-2-multiplication-practice-worksheet-11-problems-part-56-5969.html,https://mathworksheetcenter.github.io/images/grade-2-multiplication-practice-worksheet-11-problems-part-56-5969.jpg,Elementary Math Activities,03/28/2026 08:27:00 AM
Free 19 Subtraction Math Worksheet For Grade 2 With Answers - Part 57 | Printable Practice,Fun and engaging Subtraction worksheet for Grade 2. Perfect printable math practice.,https://mathworksheetcenter.github.io/html/free-19-subtraction-math-worksheet-for-grade-2-with-answers-part-57-5027.html,https://mathworksheetcenter.github.io/images/free-19-subtraction-math-worksheet-for-grade-2-with-answers-part-57-5027.jpg,Homeschool Math,03/28/2026 11:08:00 AM
Printable 5 Times Table Worksheet For Grade 2 - Part 58 | Printable Practice,Printable Times Table worksheet designed for Grade 2 students. Easy and fun math practice.,https://mathworksheetcenter.github.io/html/printable-5-times-table-worksheet-for-grade-2-part-58-1538.html,https://mathworksheetcenter.github.io/images/printable-5-times-table-worksheet-for-grade-2-part-58-1538.jpg,Elementary Math Activities,03/28/2026 01:24:00 PM
Printable Tracing Worksheet For Kids - Part 59 | Free Printable,Free printable Tracing worksheet for Preschool. Perfect for homeschool practice and classroom activities.,https://mathworksheetcenter.github.io/html/printable-tracing-worksheet-for-kids-part-59-2224.html,https://mathworksheetcenter.github.io/images/printable-tracing-worksheet-for-kids-part-59-2224.jpg,Printable Worksheets,03/28/2026 04:33:00 PM
Math Word Problem Worksheet,Printable Word Problem worksheet designed for Grade 3 students. Easy and fun math practice.,https://mathworksheetcenter.github.io/html/math-word-problem-worksheet-1802.html,https://mathworksheetcenter.github.io/images/math-word-problem-worksheet-1802.jpg,Kids Math Worksheets,03/28/2026 08:32:00 PM
Free 23 Addition Math Worksheet For Grade 3 With Answers - Part 61 | Printable Practice,Fun and engaging Addition worksheet for Grade 3. Perfect printable math practice.,https://mathworksheetcenter.github.io/html/free-23-addition-math-worksheet-for-grade-3-with-answers-part-61-3431.html,https://mathworksheetcenter.github.io/images/free-23-addition-math-worksheet-for-grade-3-with-answers-part-61-3431.jpg,Elementary Math Activities,03/29/2026 08:36:00 AM
Fun Count and Color Objects Worksheet for Grade 1,Teachers and parents love this Count and Color worksheet for Grade 1. Download and print instantly.,https://mathworksheetcenter.github.io/html/fun-count-and-color-objects-worksheet-for-grade-1-8367.html,https://mathworksheetcenter.github.io/images/fun-count-and-color-objects-worksheet-for-grade-1-8367.jpg,Homeschool Math,03/29/2026 11:00:00 AM
Pre-K Count The Objects Worksheet - Part 63 | Printable Practice,Teachers and parents love this Counting Objects worksheet for Pre-K. Download and print instantly.,https://mathworksheetcenter.github.io/html/pre-k-count-the-objects-worksheet-part-63-4527.html,https://mathworksheetcenter.github.io/images/pre-k-count-the-objects-worksheet-part-63-4527.jpg,Printable Worksheets,03/29/2026 01:29:00 PM
Grade 1 Division Practice Worksheet (22 Problems) - Part 64 | Printable Practice,Fun and engaging Division worksheet for Grade 1. Perfect printable math practice.,https://mathworksheetcenter.github.io/html/grade-1-division-practice-worksheet-22-problems-part-64-1264.html,https://mathworksheetcenter.github.io/images/grade-1-division-practice-worksheet-22-problems-part-64-1264.jpg,Math Practice Printables,03/29/2026 04:36:00 PM
General Knowledge Mathematics Problem Set Worksheet (4 Questions),Free printable Math worksheet for Math. Perfect for homeschool practice and classroom activities.,https://mathworksheetcenter.github.io/html/general-knowledge-mathematics-problem-set-worksheet-4-questions-2347.html,https://mathworksheetcenter.github.io/images/general-knowledge-mathematics-problem-set-worksheet-4-questions-2347.jpg,Kids Math Worksheets,03/29/2026 08:30:00 PM
Missing Number Math Worksheet,Help kids master Missing Number with this printable worksheet for Grade 1. Great for daily math practice.,https://mathworksheetcenter.github.io/html/missing-number-math-worksheet-2972.html,https://mathworksheetcenter.github.io/images/missing-number-math-worksheet-2972.jpg,Printable Worksheets,03/30/2026 08:37:00 AM
Mixed Operations Math Worksheet,Fun and engaging Mixed Operations worksheet for Grade 3. Perfect printable math practice.,https://mathworksheetcenter.github.io/html/mixed-operations-math-worksheet-1111.html,https://mathworksheetcenter.github.io/images/mixed-operations-math-worksheet-1111.jpg,Printable Worksheets,03/30/2026 11:05:00 AM
Free 17 Multiplication Math Worksheet For Grade 1 With Answers - Part 68 | Printable Practice,Free printable Multiplication worksheet for Grade 1. Perfect for homeschool practice and classroom activities.,https://mathworksheetcenter.github.io/html/free-17-multiplication-math-worksheet-for-grade-1-with-answers-part-68-9515.html,https://mathworksheetcenter.github.io/images/free-17-multiplication-math-worksheet-for-grade-1-with-answers-part-68-9515.jpg,Elementary Math Activities,03/30/2026 01:30:00 PM
Free 10 Subtraction Math Worksheet For Grade 2 - Part 69 | Printable Practice,Free printable Subtraction worksheet for Grade 2. Perfect for homeschool practice and classroom activities.,https://mathworksheetcenter.github.io/html/free-10-subtraction-math-worksheet-for-grade-2-part-69-4990.html,https://mathworksheetcenter.github.io/images/free-10-subtraction-math-worksheet-for-grade-2-part-69-4990.jpg,Printable Worksheets,03/30/2026 04:22:00 PM
Grade 3 Multiplication Table 6 Practice - Part 70 | Printable Practice,Help kids master Times Table with this printable worksheet for Grade 3. Great for daily math practice.,https://mathworksheetcenter.github.io/html/grade-3-multiplication-table-6-practice-part-70-7063.html,https://mathworksheetcenter.github.io/images/grade-3-multiplication-table-6-practice-part-70-7063.jpg,Kids Math Worksheets,03/30/2026 08:33:00 PM
Printable Tracing Worksheet For Kids - Part 71 | Free Printable,Help kids master Tracing with this printable worksheet for Preschool. Great for daily math practice.,https://mathworksheetcenter.github.io/html/printable-tracing-worksheet-for-kids-part-71-5931.html,https://mathworksheetcenter.github.io/images/printable-tracing-worksheet-for-kids-part-71-5931.jpg,Elementary Math Activities,03/31/2026 08:25:00 AM
Math Word Problem Worksheet,Fun and engaging Word Problem worksheet for Grade 3. Perfect printable math practice.,https://mathworksheetcenter.github.io/html/math-word-problem-worksheet-6613.html,https://mathworksheetcenter.github.io/images/math-word-problem-worksheet-6613.jpg,Homeschool Math,03/31/2026 11:01:00 AM
Free 23 Addition Math Worksheet For Grade 1 - Part 73 | Printable Practice,Printable Addition worksheet designed for Grade 1 students. Easy and fun math practice.,https://mathworksheetcenter.github.io/html/free-23-addition-math-worksheet-for-grade-1-part-73-6030.html,https://mathworksheetcenter.github.io/images/free-23-addition-math-worksheet-for-grade-1-part-73-6030.jpg,Kids Math Worksheets,03/31/2026 01:34:00 PM
"Count and Color Star, Car, Square Worksheet for Kids",Fun and engaging Count and Color worksheet for Grade 1. Perfect printable math practice.,https://mathworksheetcenter.github.io/html/count-and-color-star-car-square-worksheet-for-kids-1676.html,https://mathworksheetcenter.github.io/images/count-and-color-star-car-square-worksheet-for-kids-1676.jpg,Elementary Math Activities,03/31/2026 04:30:00 PM
Learn Counting With Pictures Worksheet (Kindergarten) - Part 75 | Printable Practice,Fun and engaging Counting Objects worksheet for Kindergarten. Perfect printable math practice.,https://mathworksheetcenter.github.io/html/learn-counting-with-pictures-worksheet-kindergarten-part-75-9966.html,https://mathworksheetcenter.github.io/images/learn-counting-with-pictures-worksheet-kindergarten-part-75-9966.jpg,Printable Worksheets,03/31/2026 08:38:00 PM
Free 13 Division Math Worksheet For Grade 2 With Answers - Part 76 | Printable Practice,Fun and engaging Division worksheet for Grade 2. Perfect printable math practice.,https://mathworksheetcenter.github.io/html/free-13-division-math-worksheet-for-grade-2-with-answers-part-76-4583.html,https://mathworksheetcenter.github.io/images/free-13-division-math-worksheet-for-grade-2-with-answers-part-76-4583.jpg,Kids Math Worksheets,04/01/2026 08:31:00 AM
8 Math Quiz Practice Worksheet,Fun and engaging Math worksheet for Math. Perfect printable math practice.,https://mathworksheetcenter.github.io/html/8-math-quiz-practice-worksheet-7777.html,https://mathworksheetcenter.github.io/images/8-math-quiz-practice-worksheet-7777.jpg,Homeschool Math,04/01/2026 11:07:00 AM
Missing Number Math Worksheet,Help kids master Missing Number with this printable worksheet for Grade 1. Great for daily math practice.,https://mathworksheetcenter.github.io/html/missing-number-math-worksheet-5218.html,https://mathworksheetcenter.github.io/images/missing-number-math-worksheet-5218.jpg,Homeschool Math,04/01/2026 01:27:00 PM
Mixed Operations Math Worksheet,Fun and engaging Mixed Operations worksheet for Grade 3. Perfect printable math practice.,https://mathworksheetcenter.github.io/html/mixed-operations-math-worksheet-2193.html,https://mathworksheetcenter.github.io/images/mixed-operations-math-worksheet-2193.jpg,Printable Worksheets,04/01/2026 04:28:00 PM
Grade 2 Multiplication Practice Worksheet (19 Problems) - Part 80 | Printable Practice,Printable Multiplication worksheet designed for Grade 2 students. Easy and fun math practice.,https://mathworksheetcenter.github.io/html/grade-2-multiplication-practice-worksheet-19-problems-part-80-9738.html,https://mathworksheetcenter.github.io/images/grade-2-multiplication-practice-worksheet-19-problems-part-80-9738.jpg,Elementary Math Activities,04/01/2026 08:27:00 PM
Free 26 Subtraction Math Worksheet For Grade 5 With Answers - Part 81 | Printable Practice,Printable Subtraction worksheet designed for Grade 5 students. Easy and fun math practice.,https://mathworksheetcenter.github.io/html/free-26-subtraction-math-worksheet-for-grade-5-with-answers-part-81-3162.html,https://mathworksheetcenter.github.io/images/free-26-subtraction-math-worksheet-for-grade-5-with-answers-part-81-3162.jpg,Kids Math Worksheets,04/02/2026 08:34:00 AM
11 Times Table Worksheet For Grade 4 With Answers - Part 82 | Printable Practice,Fun and engaging Times Table worksheet for Grade 4. Perfect printable math practice.,https://mathworksheetcenter.github.io/html/11-times-table-worksheet-for-grade-4-with-answers-part-82-2099.html,https://mathworksheetcenter.github.io/images/11-times-table-worksheet-for-grade-4-with-answers-part-82-2099.jpg,Printable Worksheets,04/02/2026 11:00:00 AM
Printable Tracing Worksheet For Kids - Part 83 | Free Printable,Printable Tracing worksheet designed for Preschool students. Easy and fun math practice.,https://mathworksheetcenter.github.io/html/printable-tracing-worksheet-for-kids-part-83-2901.html,https://mathworksheetcenter.github.io/images/printable-tracing-worksheet-for-kids-part-83-2901.jpg,Math Practice Printables,04/02/2026 01:31:00 PM
Math Word Problem Worksheet,Free printable Word Problem worksheet for Grade 3. Perfect for homeschool practice and classroom activities.,https://mathworksheetcenter.github.io/html/math-word-problem-worksheet-5081.html,https://mathworksheetcenter.github.io/images/math-word-problem-worksheet-5081.jpg,Kids Math Worksheets,04/02/2026 04:29:00 PM
Printable Free 29 Addition Math Worksheet For Grade 3 - Part 85 | Printable Practice,Printable Addition worksheet designed for Grade 3 students. Easy and fun math practice.,https://mathworksheetcenter.github.io/html/printable-free-29-addition-math-worksheet-for-grade-3-part-85-7875.html,https://mathworksheetcenter.github.io/images/printable-free-29-addition-math-worksheet-for-grade-3-part-85-7875.jpg,Math Practice Printables,04/02/2026 08:32:00 PM
Printable Count and Color Worksheet for Preschool Kids,Free printable Count and Color worksheet for Preschool. Perfect for homeschool practice and classroom activities.,https://mathworksheetcenter.github.io/html/printable-count-and-color-worksheet-for-preschool-kids-8809.html,https://mathworksheetcenter.github.io/images/printable-count-and-color-worksheet-for-preschool-kids-8809.jpg,Kids Math Worksheets,04/03/2026 08:30:00 AM
Kindergarten Count The Objects Worksheet - Part 87 | Printable Practice,Help kids master Counting Objects with this printable worksheet for Kindergarten. Great for daily math practice.,https://mathworksheetcenter.github.io/html/kindergarten-count-the-objects-worksheet-part-87-3000.html,https://mathworksheetcenter.github.io/images/kindergarten-count-the-objects-worksheet-part-87-3000.jpg,Elementary Math Activities,04/03/2026 11:07:00 AM
Grade 2 Division Practice Worksheet (10 Problems) - Part 88 | Printable Practice,Free printable Division worksheet for Grade 2. Perfect for homeschool practice and classroom activities.,https://mathworksheetcenter.github.io/html/grade-2-division-practice-worksheet-10-problems-part-88-7377.html,https://mathworksheetcenter.github.io/images/grade-2-division-practice-worksheet-10-problems-part-88-7377.jpg,Math Practice Printables,04/03/2026 01:28:00 PM
4 Mathematics Quiz Practice Worksheet,Help kids master Math with this printable worksheet for Math. Great for daily math practice.,https://mathworksheetcenter.github.io/html/4-mathematics-quiz-practice-worksheet-6705.html,https://mathworksheetcenter.github.io/images/4-mathematics-quiz-practice-worksheet-6705.jpg,Elementary Math Activities,04/03/2026 04:36:00 PM
Missing Number Math Worksheet,Printable Missing Number worksheet designed for Grade 1 students. Easy and fun math practice.,https://mathworksheetcenter.github.io/html/missing-number-math-worksheet-7568.html,https://mathworksheetcenter.github.io/images/missing-number-math-worksheet-7568.jpg,Math Practice Printables,04/03/2026 08:34:00 PM
Mixed Operations Math Worksheet,Free printable Mixed Operations worksheet for Grade 3. Perfect for homeschool practice and classroom activities.,https://mathworksheetcenter.github.io/html/mixed-operations-math-worksheet-2703.html,https://mathworksheetcenter.github.io/images/mixed-operations-math-worksheet-2703.jpg,Elementary Math Activities,04/04/2026 08:23:00 AM
Printable Free 14 Multiplication Math Worksheet For Grade 1 - Part 92 | Printable Practice,Fun and engaging Multiplication worksheet for Grade 1. Perfect printable math practice.,https://mathworksheetcenter.github.io/html/printable-free-14-multiplication-math-worksheet-for-grade-1-part-92-3570.html,https://mathworksheetcenter.github.io/images/printable-free-14-multiplication-math-worksheet-for-grade-1-part-92-3570.jpg,Printable Worksheets,04/04/2026 11:00:00 AM
Free 15 Subtraction Math Worksheet For Grade 2 - Part 93 | Printable Practice,Free printable Subtraction worksheet for Grade 2. Perfect for homeschool practice and classroom activities.,https://mathworksheetcenter.github.io/html/free-15-subtraction-math-worksheet-for-grade-2-part-93-4285.html,https://mathworksheetcenter.github.io/images/free-15-subtraction-math-worksheet-for-grade-2-part-93-4285.jpg,Printable Worksheets,04/04/2026 01:29:00 PM
8 Times Table Worksheet For Grade 3 With Answers - Part 94 | Printable Practice,Teachers and parents love this Times Table worksheet for Grade 3. Download and print instantly.,https://mathworksheetcenter.github.io/html/8-times-table-worksheet-for-grade-3-with-answers-part-94-4207.html,https://mathworksheetcenter.github.io/images/8-times-table-worksheet-for-grade-3-with-answers-part-94-4207.jpg,Homeschool Math,04/04/2026 04:26:00 PM
Printable Tracing Worksheet For Kids - Part 95 | Free Printable,Help kids master Tracing with this printable worksheet for Preschool. Great for daily math practice.,https://mathworksheetcenter.github.io/html/printable-tracing-worksheet-for-kids-part-95-1674.html,https://mathworksheetcenter.github.io/images/printable-tracing-worksheet-for-kids-part-95-1674.jpg,Homeschool Math,04/04/2026 08:24:00 PM
Math Word Problem Worksheet,Help kids master Word Problem with this printable worksheet for Grade 3. Great for daily math practice.,https://mathworksheetcenter.github.io/html/math-word-problem-worksheet-3351.html,https://mathworksheetcenter.github.io/images/math-word-problem-worksheet-3351.jpg,Elementary Math Activities,04/05/2026 08:33:00 AM
Free 14 Addition Math Worksheet For Grade 1 With Answers - Part 97 | Printable Practice,Fun and engaging Addition worksheet for Grade 1. Perfect printable math practice.,https://mathworksheetcenter.github.io/html/free-14-addition-math-worksheet-for-grade-1-with-answers-part-97-1002.html,https://mathworksheetcenter.github.io/images/free-14-addition-math-worksheet-for-grade-1-with-answers-part-97-1002.jpg,Homeschool Math,04/05/2026 11:00:00 AM
3 Free Count and Color Worksheets for Grade 1,Teachers and parents love this Count and Color worksheet for Grade 1. Download and print instantly.,https://mathworksheetcenter.github.io/html/3-free-count-and-color-worksheets-for-grade-1-6061.html,https://mathworksheetcenter.github.io/images/3-free-count-and-color-worksheets-for-grade-1-6061.jpg,Math Practice Printables,04/05/2026 01:24:00 PM
Learn Counting With Pictures Worksheet (Kindergarten) - Part 99 | Printable Practice,Free printable Counting Objects worksheet for Kindergarten. Perfect for homeschool practice and classroom activities.,https://mathworksheetcenter.github.io/html/learn-counting-with-pictures-worksheet-kindergarten-part-99-1567.html,https://mathworksheetcenter.github.io/images/learn-counting-with-pictures-worksheet-kindergarten-part-99-1567.jpg,Printable Worksheets,04/05/2026 04:37:00 PM
Free 21 Division Math Worksheet For Grade 2 With Answers - Part 100 | Printable Practice,Help kids master Division with this printable worksheet for Grade 2. Great for daily math practice.,https://mathworksheetcenter.github.io/html/free-21-division-math-worksheet-for-grade-2-with-answers-part-100-8396.html,https://mathworksheetcenter.github.io/images/free-21-division-math-worksheet-for-grade-2-with-answers-part-100-8396.jpg,Elementary Math Activities,04/05/2026 08:33:00 PM
Practice Math Trivia for Students (4 Questions),Fun and engaging Math worksheet for Math. Perfect printable math practice.,https://mathworksheetcenter.github.io/html/practice-math-trivia-for-students-4-questions-1011.html,https://mathworksheetcenter.github.io/images/practice-math-trivia-for-students-4-questions-1011.jpg,Printable Worksheets,04/06/2026 08:25:00 AM
Missing Number Math Worksheet,Fun and engaging Missing Number worksheet for Grade 1. Perfect printable math practice.,https://mathworksheetcenter.github.io/html/missing-number-math-worksheet-5154.html,https://mathworksheetcenter.github.io/images/missing-number-math-worksheet-5154.jpg,Math Practice Printables,04/06/2026 11:00:00 AM
Mixed Operations Math Worksheet,Printable Mixed Operations worksheet designed for Grade 3 students. Easy and fun math practice.,https://mathworksheetcenter.github.io/html/mixed-operations-math-worksheet-7906.html,https://mathworksheetcenter.github.io/images/mixed-operations-math-worksheet-7906.jpg,Printable Worksheets,04/06/2026 01:38:00 PM
Free 29 Multiplication Math Worksheet For Grade 2 With Answers - Part 104 | Printable Practice,Teachers and parents love this Multiplication worksheet for Grade 2. Download and print instantly.,https://mathworksheetcenter.github.io/html/free-29-multiplication-math-worksheet-for-grade-2-with-answers-part-104-3054.html,https://mathworksheetcenter.github.io/images/free-29-multiplication-math-worksheet-for-grade-2-with-answers-part-104-3054.jpg,Elementary Math Activities,04/06/2026 04:23:00 PM
Grade 2 Subtraction Practice Worksheet (12 Problems) - Part 105 | Printable Practice,Fun and engaging Subtraction worksheet for Grade 2. Perfect printable math practice.,https://mathworksheetcenter.github.io/html/grade-2-subtraction-practice-worksheet-12-problems-part-105-5491.html,https://mathworksheetcenter.github.io/images/grade-2-subtraction-practice-worksheet-12-problems-part-105-5491.jpg,Homeschool Math,04/06/2026 08:25:00 PM
10 Times Table Worksheet For Grade 3 - Part 106 | Printable Practice,Teachers and parents love this Times Table worksheet for Grade 3. Download and print instantly.,https://mathworksheetcenter.github.io/html/10-times-table-worksheet-for-grade-3-part-106-5707.html,https://mathworksheetcenter.github.io/images/10-times-table-worksheet-for-grade-3-part-106-5707.jpg,Homeschool Math,04/07/2026 08:32:00 AM
Printable Tracing Worksheet For Kids - Part 107 | Free Printable,Teachers and parents love this Tracing worksheet for Preschool. Download and print instantly.,https://mathworksheetcenter.github.io/html/printable-tracing-worksheet-for-kids-part-107-5456.html,https://mathworksheetcenter.github.io/images/printable-tracing-worksheet-for-kids-part-107-5456.jpg,Math Practice Printables,04/07/2026 11:08:00 AM
Math Word Problem Worksheet,Fun and engaging Word Problem worksheet for Grade 3. Perfect printable math practice.,https://mathworksheetcenter.github.io/html/math-word-problem-worksheet-1259.html,https://mathworksheetcenter.github.io/images/math-word-problem-worksheet-1259.jpg,Homeschool Math,04/07/2026 01:26:00 PM
Printable Free 18 Addition Math Worksheet For Grade 1 - Part 109 | Printable Practice,Teachers and parents love this Addition worksheet for Grade 1. Download and print instantly.,https://mathworksheetcenter.github.io/html/printable-free-18-addition-math-worksheet-for-grade-1-part-109-6700.html,https://mathworksheetcenter.github.io/images/printable-free-18-addition-math-worksheet-for-grade-1-part-109-6700.jpg,Homeschool Math,04/07/2026 04:25:00 PM
"Count and Color Triangle, Triangle, Circle Worksheet for Kids",Printable Count and Color worksheet designed for Kindergarten students. Easy and fun math practice.,https://mathworksheetcenter.github.io/html/count-and-color-triangle-triangle-circle-worksheet-for-kids-4073.html,https://mathworksheetcenter.github.io/images/count-and-color-triangle-triangle-circle-worksheet-for-kids-4073.jpg,Kids Math Worksheets,04/07/2026 08:22:00 PM
Free Counting Objects Worksheet For Kindergarten Printable - Part 111 | Printable Practice,Help kids master Counting Objects with this printable worksheet for Kindergarten. Great for daily math practice.,https://mathworksheetcenter.github.io/html/free-counting-objects-worksheet-for-kindergarten-printable-part-111-6285.html,https://mathworksheetcenter.github.io/images/free-counting-objects-worksheet-for-kindergarten-printable-part-111-6285.jpg,Printable Worksheets,04/08/2026 08:28:00 AM
Free 13 Division Math Worksheet For Grade 2 - Part 112 | Printable Practice,Teachers and parents love this Division worksheet for Grade 2. Download and print instantly.,https://mathworksheetcenter.github.io/html/free-13-division-math-worksheet-for-grade-2-part-112-4981.html,https://mathworksheetcenter.github.io/images/free-13-division-math-worksheet-for-grade-2-part-112-4981.jpg,Printable Worksheets,04/08/2026 11:07:00 AM
Free Printable Math Skill Test for Students (8 Questions),Help kids master Math with this printable worksheet for Math. Great for daily math practice.,https://mathworksheetcenter.github.io/html/free-printable-math-skill-test-for-students-8-questions-4883.html,https://mathworksheetcenter.github.io/images/free-printable-math-skill-test-for-students-8-questions-4883.jpg,Elementary Math Activities,04/08/2026 01:35:00 PM
Missing Number Math Worksheet,Help kids master Missing Number with this printable worksheet for Grade 1. Great for daily math practice.,https://mathworksheetcenter.github.io/html/missing-number-math-worksheet-6907.html,https://mathworksheetcenter.github.io/images/missing-number-math-worksheet-6907.jpg,Elementary Math Activities,04/08/2026 04:26:00 PM
Mixed Operations Math Worksheet,Free printable Mixed Operations worksheet for Grade 3. Perfect for homeschool practice and classroom activities.,https://mathworksheetcenter.github.io/html/mixed-operations-math-worksheet-9347.html,https://mathworksheetcenter.github.io/images/mixed-operations-math-worksheet-9347.jpg,Math Practice Printables,04/08/2026 08:37:00 PM
Free 26 Multiplication Math Worksheet For Grade 2 With Answers - Part 116 | Printable Practice,Help kids master Multiplication with this printable worksheet for Grade 2. Great for daily math practice.,https://mathworksheetcenter.github.io/html/free-26-multiplication-math-worksheet-for-grade-2-with-answers-part-116-9099.html,https://mathworksheetcenter.github.io/images/free-26-multiplication-math-worksheet-for-grade-2-with-answers-part-116-9099.jpg,Math Practice Printables,04/09/2026 08:34:00 AM
Free 25 Subtraction Math Worksheet For Grade 2 With Answers - Part 117 | Printable Practice,Teachers and parents love this Subtraction worksheet for Grade 2. Download and print instantly.,https://mathworksheetcenter.github.io/html/free-25-subtraction-math-worksheet-for-grade-2-with-answers-part-117-7938.html,https://mathworksheetcenter.github.io/images/free-25-subtraction-math-worksheet-for-grade-2-with-answers-part-117-7938.jpg,Kids Math Worksheets,04/09/2026 11:04:00 AM
Grade 2 Multiplication Table 2 Practice - Part 118 | Printable Practice,Help kids master Times Table with this printable worksheet for Grade 2. Great for daily math practice.,https://mathworksheetcenter.github.io/html/grade-2-multiplication-table-2-practice-part-118-1306.html,https://mathworksheetcenter.github.io/images/grade-2-multiplication-table-2-practice-part-118-1306.jpg,Printable Worksheets,04/09/2026 01:28:00 PM
Printable Tracing Worksheet For Kids - Part 119 | Free Printable,Printable Tracing worksheet designed for Preschool students. Easy and fun math practice.,https://mathworksheetcenter.github.io/html/printable-tracing-worksheet-for-kids-part-119-6311.html,https://mathworksheetcenter.github.io/images/printable-tracing-worksheet-for-kids-part-119-6311.jpg,Kids Math Worksheets,04/09/2026 04:27:00 PM
Math Word Problem Worksheet,Fun and engaging Word Problem worksheet for Grade 3. Perfect printable math practice.,https://mathworksheetcenter.github.io/html/math-word-problem-worksheet-1393.html,https://mathworksheetcenter.github.io/images/math-word-problem-worksheet-1393.jpg,Homeschool Math,04/09/2026 08:24:00 PM
Grade 5 Addition Practice Worksheet (10 Problems) - Part 121 | Printable Practice,Free printable Addition worksheet for Grade 5. Perfect for homeschool practice and classroom activities.,https://mathworksheetcenter.github.io/html/grade-5-addition-practice-worksheet-10-problems-part-121-9367.html,https://mathworksheetcenter.github.io/images/grade-5-addition-practice-worksheet-10-problems-part-121-9367.jpg,Printable Worksheets,04/10/2026 08:27:00 AM
"Count and Color Car, Car, Square Worksheet for Kids",Free printable Count and Color worksheet for Kindergarten. Perfect for homeschool practice and classroom activities.,https://mathworksheetcenter.github.io/html/count-and-color-car-car-square-worksheet-for-kids-3626.html,https://mathworksheetcenter.github.io/images/count-and-color-car-car-square-worksheet-for-kids-3626.jpg,Elementary Math Activities,04/10/2026 11:00:00 AM
Free Counting Objects Worksheet For Kindergarten Printable - Part 123 | Printable Practice,Free printable Counting Objects worksheet for Kindergarten. Perfect for homeschool practice and classroom activities.,https://mathworksheetcenter.github.io/html/free-counting-objects-worksheet-for-kindergarten-printable-part-123-6816.html,https://mathworksheetcenter.github.io/images/free-counting-objects-worksheet-for-kindergarten-printable-part-123-6816.jpg,Printable Worksheets,04/10/2026 01:29:00 PM
Grade 2 Division Practice Worksheet (27 Problems) - Part 124 | Printable Practice,Free printable Division worksheet for Grade 2. Perfect for homeschool practice and classroom activities.,https://mathworksheetcenter.github.io/html/grade-2-division-practice-worksheet-27-problems-part-124-5083.html,https://mathworksheetcenter.github.io/images/grade-2-division-practice-worksheet-27-problems-part-124-5083.jpg,Homeschool Math,04/10/2026 04:27:00 PM
4 Math Knowledge Test Quiz Worksheet,Teachers and parents love this Math worksheet for Math. Download and print instantly.,https://mathworksheetcenter.github.io/html/4-math-knowledge-test-quiz-worksheet-7914.html,https://mathworksheetcenter.github.io/images/4-math-knowledge-test-quiz-worksheet-7914.jpg,Kids Math Worksheets,04/10/2026 08:28:00 PM
Missing Number Math Worksheet,Teachers and parents love this Missing Number worksheet for Grade 1. Download and print instantly.,https://mathworksheetcenter.github.io/html/missing-number-math-worksheet-6608.html,https://mathworksheetcenter.github.io/images/missing-number-math-worksheet-6608.jpg,Math Practice Printables,04/11/2026 08:28:00 AM
Mixed Operations Math Worksheet,Free printable Mixed Operations worksheet for Grade 3. Perfect for homeschool practice and classroom activities.,https://mathworksheetcenter.github.io/html/mixed-operations-math-worksheet-1595.html,https://mathworksheetcenter.github.io/images/mixed-operations-math-worksheet-1595.jpg,Kids Math Worksheets,04/11/2026 11:01:00 AM
Grade 1 Multiplication Practice Worksheet (20 Problems) - Part 128 | Printable Practice,Help kids master Multiplication with this printable worksheet for Grade 1. Great for daily math practice.,https://mathworksheetcenter.github.io/html/grade-1-multiplication-practice-worksheet-20-problems-part-128-2293.html,https://mathworksheetcenter.github.io/images/grade-1-multiplication-practice-worksheet-20-problems-part-128-2293.jpg,Elementary Math Activities,04/11/2026 01:23:00 PM
Grade 2 Subtraction Practice Worksheet (30 Problems) - Part 129 | Printable Practice,Printable Subtraction worksheet designed for Grade 2 students. Easy and fun math practice.,https://mathworksheetcenter.github.io/html/grade-2-subtraction-practice-worksheet-30-problems-part-129-8534.html,https://mathworksheetcenter.github.io/images/grade-2-subtraction-practice-worksheet-30-problems-part-129-8534.jpg,Math Practice Printables,04/11/2026 04:24:00 PM
Printable 9 Times Table Worksheet For Grade 3 - Part 130 | Printable Practice,Free printable Times Table worksheet for Grade 3. Perfect for homeschool practice and classroom activities.,https://mathworksheetcenter.github.io/html/printable-9-times-table-worksheet-for-grade-3-part-130-2214.html,https://mathworksheetcenter.github.io/images/printable-9-times-table-worksheet-for-grade-3-part-130-2214.jpg,Elementary Math Activities,04/11/2026 08:30:00 PM
Printable Tracing Worksheet For Kids - Part 131 | Free Printable,Printable Tracing worksheet designed for Preschool students. Easy and fun math practice.,https://mathworksheetcenter.github.io/html/printable-tracing-worksheet-for-kids-part-131-1331.html,https://mathworksheetcenter.github.io/images/printable-tracing-worksheet-for-kids-part-131-1331.jpg,Homeschool Math,04/12/2026 08:34:00 AM
Math Word Problem Worksheet,Fun and engaging Word Problem worksheet for Grade 3. Perfect printable math practice.,https://mathworksheetcenter.github.io/html/math-word-problem-worksheet-2650.html,https://mathworksheetcenter.github.io/images/math-word-problem-worksheet-2650.jpg,Math Practice Printables,04/12/2026 11:00:00 AM
Printable Free 21 Addition Math Worksheet For Grade 5 - Part 133 | Printable Practice,Printable Addition worksheet designed for Grade 5 students. Easy and fun math practice.,https://mathworksheetcenter.github.io/html/printable-free-21-addition-math-worksheet-for-grade-5-part-133-9072.html,https://mathworksheetcenter.github.io/images/printable-free-21-addition-math-worksheet-for-grade-5-part-133-9072.jpg,Kids Math Worksheets,04/12/2026 01:30:00 PM
Kindergarten Count and Color Shapes Worksheet,Help kids master Count and Color with this printable worksheet for Kindergarten. Great for daily math practice.,https://mathworksheetcenter.github.io/html/kindergarten-count-and-color-shapes-worksheet-1174.html,https://mathworksheetcenter.github.io/images/kindergarten-count-and-color-shapes-worksheet-1174.jpg,Elementary Math Activities,04/12/2026 04:37:00 PM
Free Counting Objects Worksheet For Kindergarten Printable - Part 135 | Printable Practice,Help kids master Counting Objects with this printable worksheet for Kindergarten. Great for daily math practice.,https://mathworksheetcenter.github.io/html/free-counting-objects-worksheet-for-kindergarten-printable-part-135-5537.html,https://mathworksheetcenter.github.io/images/free-counting-objects-worksheet-for-kindergarten-printable-part-135-5537.jpg,Kids Math Worksheets,04/12/2026 08:36:00 PM
Grade 2 Division Practice Worksheet (29 Problems) - Part 136 | Printable Practice,Teachers and parents love this Division worksheet for Grade 2. Download and print instantly.,https://mathworksheetcenter.github.io/html/grade-2-division-practice-worksheet-29-problems-part-136-8507.html,https://mathworksheetcenter.github.io/images/grade-2-division-practice-worksheet-29-problems-part-136-8507.jpg,Homeschool Math,04/13/2026 08:23:00 AM
4 General Math Quiz for Students,Teachers and parents love this Math worksheet for Math. Download and print instantly.,https://mathworksheetcenter.github.io/html/4-general-math-quiz-for-students-2177.html,https://mathworksheetcenter.github.io/images/4-general-math-quiz-for-students-2177.jpg,Printable Worksheets,04/13/2026 11:04:00 AM
Missing Number Math Worksheet,Printable Missing Number worksheet designed for Grade 1 students. Easy and fun math practice.,https://mathworksheetcenter.github.io/html/missing-number-math-worksheet-9276.html,https://mathworksheetcenter.github.io/images/missing-number-math-worksheet-9276.jpg,Kids Math Worksheets,04/13/2026 01:31:00 PM
Mixed Operations Math Worksheet,Fun and engaging Mixed Operations worksheet for Grade 3. Perfect printable math practice.,https://mathworksheetcenter.github.io/html/mixed-operations-math-worksheet-1319.html,https://mathworksheetcenter.github.io/images/mixed-operations-math-worksheet-1319.jpg,Elementary Math Activities,04/13/2026 04:29:00 PM
Printable Free 14 Multiplication Math Worksheet For Grade 2 - Part 140 | Printable Practice,Printable Multiplication worksheet designed for Grade 2 students. Easy and fun math practice.,https://mathworksheetcenter.github.io/html/printable-free-14-multiplication-math-worksheet-for-grade-2-part-140-8478.html,https://mathworksheetcenter.github.io/images/printable-free-14-multiplication-math-worksheet-for-grade-2-part-140-8478.jpg,Kids Math Worksheets,04/13/2026 08:27:00 PM
Free 22 Subtraction Math Worksheet For Grade 2 With Answers - Part 141 | Printable Practice,Printable Subtraction worksheet designed for Grade 2 students. Easy and fun math practice.,https://mathworksheetcenter.github.io/html/free-22-subtraction-math-worksheet-for-grade-2-with-answers-part-141-1292.html,https://mathworksheetcenter.github.io/images/free-22-subtraction-math-worksheet-for-grade-2-with-answers-part-141-1292.jpg,Math Practice Printables,04/14/2026 08:23:00 AM
5 Times Table Worksheet For Grade 2 - Part 142 | Printable Practice,Fun and engaging Times Table worksheet for Grade 2. Perfect printable math practice.,https://mathworksheetcenter.github.io/html/5-times-table-worksheet-for-grade-2-part-142-1770.html,https://mathworksheetcenter.github.io/images/5-times-table-worksheet-for-grade-2-part-142-1770.jpg,Printable Worksheets,04/14/2026 11:06:00 AM
Printable Tracing Worksheet For Kids - Part 143 | Free Printable,Fun and engaging Tracing worksheet for Preschool. Perfect printable math practice.,https://mathworksheetcenter.github.io/html/printable-tracing-worksheet-for-kids-part-143-7620.html,https://mathworksheetcenter.github.io/images/printable-tracing-worksheet-for-kids-part-143-7620.jpg,Kids Math Worksheets,04/14/2026 01:38:00 PM
Math Word Problem Worksheet,Teachers and parents love this Word Problem worksheet for Grade 3. Download and print instantly.,https://mathworksheetcenter.github.io/html/math-word-problem-worksheet-8090.html,https://mathworksheetcenter.github.io/images/math-word-problem-worksheet-8090.jpg,Math Practice Printables,04/14/2026 04:38:00 PM
Free 19 Addition Math Worksheet For Grade 1 - Part 145 | Printable Practice,Printable Addition worksheet designed for Grade 1 students. Easy and fun math practice.,https://mathworksheetcenter.github.io/html/free-19-addition-math-worksheet-for-grade-1-part-145-3734.html,https://mathworksheetcenter.github.io/images/free-19-addition-math-worksheet-for-grade-1-part-145-3734.jpg,Homeschool Math,04/14/2026 08:24:00 PM
Fun Count and Color Objects Worksheet for Preschool,Help kids master Count and Color with this printable worksheet for Preschool. Great for daily math practice.,https://mathworksheetcenter.github.io/html/fun-count-and-color-objects-worksheet-for-preschool-3237.html,https://mathworksheetcenter.github.io/images/fun-count-and-color-objects-worksheet-for-preschool-3237.jpg,Math Practice Printables,04/15/2026 08:33:00 AM
Kindergarten Count The Objects Worksheet - Part 147 | Printable Practice,Help kids master Counting Objects with this printable worksheet for Kindergarten. Great for daily math practice.,https://mathworksheetcenter.github.io/html/kindergarten-count-the-objects-worksheet-part-147-7087.html,https://mathworksheetcenter.github.io/images/kindergarten-count-the-objects-worksheet-part-147-7087.jpg,Printable Worksheets,04/15/2026 11:05:00 AM
Free 15 Division Math Worksheet For Grade 1 With Answers - Part 148 | Printable Practice,Teachers and parents love this Division worksheet for Grade 1. Download and print instantly.,https://mathworksheetcenter.github.io/html/free-15-division-math-worksheet-for-grade-1-with-answers-part-148-7908.html,https://mathworksheetcenter.github.io/images/free-15-division-math-worksheet-for-grade-1-with-answers-part-148-7908.jpg,Homeschool Math,04/15/2026 01:23:00 PM
Challenging Mathematics Practice Practice Worksheet,Free printable Math worksheet for Math. Perfect for homeschool practice and classroom activities.,https://mathworksheetcenter.github.io/html/challenging-mathematics-practice-practice-worksheet-5293.html,https://mathworksheetcenter.github.io/images/challenging-mathematics-practice-practice-worksheet-5293.jpg,Printable Worksheets,04/15/2026 04:35:00 PM
Missing Number Math Worksheet,Help kids master Missing Number with this printable worksheet for Grade 1. Great for daily math practice.,https://mathworksheetcenter.github.io/html/missing-number-math-worksheet-3690.html,https://mathworksheetcenter.github.io/images/missing-number-math-worksheet-3690.jpg,Homeschool Math,04/15/2026 08:30:00 PM
Mixed Operations Math Worksheet,Teachers and parents love this Mixed Operations worksheet for Grade 3. Download and print instantly.,https://mathworksheetcenter.github.io/html/mixed-operations-math-worksheet-8666.html,https://mathworksheetcenter.github.io/images/mixed-operations-math-worksheet-8666.jpg,Homeschool Math,04/16/2026 08:34:00 AM
Free 17 Multiplication Math Worksheet For Grade 2 - Part 152 | Printable Practice,Help kids master Multiplication with this printable worksheet for Grade 2. Great for daily math practice.,https://mathworksheetcenter.github.io/html/free-17-multiplication-math-worksheet-for-grade-2-part-152-4911.html,https://mathworksheetcenter.github.io/images/free-17-multiplication-math-worksheet-for-grade-2-part-152-4911.jpg,Math Practice Printables,04/16/2026 11:05:00 AM
Printable Free 17 Subtraction Math Worksheet For Grade 3 - Part 153 | Printable Practice,Teachers and parents love this Subtraction worksheet for Grade 3. Download and print instantly.,https://mathworksheetcenter.github.io/html/printable-free-17-subtraction-math-worksheet-for-grade-3-part-153-6872.html,https://mathworksheetcenter.github.io/images/printable-free-17-subtraction-math-worksheet-for-grade-3-part-153-6872.jpg,Elementary Math Activities,04/16/2026 01:23:00 PM
7 Times Table Worksheet For Grade 3 - Part 154 | Printable Practice,Printable Times Table worksheet designed for Grade 3 students. Easy and fun math practice.,https://mathworksheetcenter.github.io/html/7-times-table-worksheet-for-grade-3-part-154-6993.html,https://mathworksheetcenter.github.io/images/7-times-table-worksheet-for-grade-3-part-154-6993.jpg,Printable Worksheets,04/16/2026 04:38:00 PM
Printable Tracing Worksheet For Kids - Part 155 | Free Printable,Teachers and parents love this Tracing worksheet for Preschool. Download and print instantly.,https://mathworksheetcenter.github.io/html/printable-tracing-worksheet-for-kids-part-155-4746.html,https://mathworksheetcenter.github.io/images/printable-tracing-worksheet-for-kids-part-155-4746.jpg,Homeschool Math,04/16/2026 08:38:00 PM
Math Word Problem Worksheet,Help kids master Word Problem with this printable worksheet for Grade 3. Great for daily math practice.,https://mathworksheetcenter.github.io/html/math-word-problem-worksheet-2406.html,https://mathworksheetcenter.github.io/images/math-word-problem-worksheet-2406.jpg,Homeschool Math,04/17/2026 08:23:00 AM
Printable Free 17 Addition Math Worksheet For Grade 1 - Part 157 | Printable Practice,Fun and engaging Addition worksheet for Grade 1. Perfect printable math practice.,https://mathworksheetcenter.github.io/html/printable-free-17-addition-math-worksheet-for-grade-1-part-157-8352.html,https://mathworksheetcenter.github.io/images/printable-free-17-addition-math-worksheet-for-grade-1-part-157-8352.jpg,Printable Worksheets,04/17/2026 11:00:00 AM
Grade 1 Count and Color Shapes Worksheet,Fun and engaging Count and Color worksheet for Grade 1. Perfect printable math practice.,https://mathworksheetcenter.github.io/html/grade-1-count-and-color-shapes-worksheet-8888.html,https://mathworksheetcenter.github.io/images/grade-1-count-and-color-shapes-worksheet-8888.jpg,Printable Worksheets,04/17/2026 01:28:00 PM
Kindergarten Count The Objects Worksheet - Part 159 | Printable Practice,Fun and engaging Counting Objects worksheet for Kindergarten. Perfect printable math practice.,https://mathworksheetcenter.github.io/html/kindergarten-count-the-objects-worksheet-part-159-6197.html,https://mathworksheetcenter.github.io/images/kindergarten-count-the-objects-worksheet-part-159-6197.jpg,Printable Worksheets,04/17/2026 04:31:00 PM
Printable Free 20 Division Math Worksheet For Grade 2 - Part 160 | Printable Practice,Printable Division worksheet designed for Grade 2 students. Easy and fun math practice.,https://mathworksheetcenter.github.io/html/printable-free-20-division-math-worksheet-for-grade-2-part-160-2184.html,https://mathworksheetcenter.github.io/images/printable-free-20-division-math-worksheet-for-grade-2-part-160-2184.jpg,Kids Math Worksheets,04/17/2026 08:25:00 PM
4 General Math Quiz Worksheet,Fun and engaging Math worksheet for Math. Perfect printable math practice.,https://mathworksheetcenter.github.io/html/4-general-math-quiz-worksheet-1733.html,https://mathworksheetcenter.github.io/images/4-general-math-quiz-worksheet-1733.jpg,Homeschool Math,04/18/2026 08:37:00 AM
Missing Number Math Worksheet,Free printable Missing Number worksheet for Grade 1. Perfect for homeschool practice and classroom activities.,https://mathworksheetcenter.github.io/html/missing-number-math-worksheet-2632.html,https://mathworksheetcenter.github.io/images/missing-number-math-worksheet-2632.jpg,Elementary Math Activities,04/18/2026 11:00:00 AM
Mixed Operations Math Worksheet,Free printable Mixed Operations worksheet for Grade 3. Perfect for homeschool practice and classroom activities.,https://mathworksheetcenter.github.io/html/mixed-operations-math-worksheet-1247.html,https://mathworksheetcenter.github.io/images/mixed-operations-math-worksheet-1247.jpg,Elementary Math Activities,04/18/2026 01:35:00 PM
Free 24 Multiplication Math Worksheet For Grade 1 - Part 164 | Printable Practice,Free printable Multiplication worksheet for Grade 1. Perfect for homeschool practice and classroom activities.,https://mathworksheetcenter.github.io/html/free-24-multiplication-math-worksheet-for-grade-1-part-164-6864.html,https://mathworksheetcenter.github.io/images/free-24-multiplication-math-worksheet-for-grade-1-part-164-6864.jpg,Kids Math Worksheets,04/18/2026 04:28:00 PM
Grade 5 Subtraction Practice Worksheet (17 Problems) - Part 165 | Printable Practice,Printable Subtraction worksheet designed for Grade 5 students. Easy and fun math practice.,https://mathworksheetcenter.github.io/html/grade-5-subtraction-practice-worksheet-17-problems-part-165-1833.html,https://mathworksheetcenter.github.io/images/grade-5-subtraction-practice-worksheet-17-problems-part-165-1833.jpg,Printable Worksheets,04/18/2026 08:22:00 PM
10 Times Table Worksheet For Grade 3 With Answers - Part 166 | Printable Practice,Teachers and parents love this Times Table worksheet for Grade 3. Download and print instantly.,https://mathworksheetcenter.github.io/html/10-times-table-worksheet-for-grade-3-with-answers-part-166-7982.html,https://mathworksheetcenter.github.io/images/10-times-table-worksheet-for-grade-3-with-answers-part-166-7982.jpg,Kids Math Worksheets,04/19/2026 08:30:00 AM
Printable Tracing Worksheet For Kids - Part 167 | Free Printable,Teachers and parents love this Tracing worksheet for Kindergarten. Download and print instantly.,https://mathworksheetcenter.github.io/html/printable-tracing-worksheet-for-kids-part-167-5803.html,https://mathworksheetcenter.github.io/images/printable-tracing-worksheet-for-kids-part-167-5803.jpg,Kids Math Worksheets,04/19/2026 11:00:00 AM
Math Word Problem Worksheet,Teachers and parents love this Word Problem worksheet for Grade 3. Download and print instantly.,https://mathworksheetcenter.github.io/html/math-word-problem-worksheet-4004.html,https://mathworksheetcenter.github.io/images/math-word-problem-worksheet-4004.jpg,Elementary Math Activities,04/19/2026 01:29:00 PM
Printable Free 21 Addition Math Worksheet For Grade 1 - Part 169 | Printable Practice,Teachers and parents love this Addition worksheet for Grade 1. Download and print instantly.,https://mathworksheetcenter.github.io/html/printable-free-21-addition-math-worksheet-for-grade-1-part-169-7416.html,https://mathworksheetcenter.github.io/images/printable-free-21-addition-math-worksheet-for-grade-1-part-169-7416.jpg,Elementary Math Activities,04/19/2026 04:29:00 PM
Free Kindergarten Count and Color Worksheet,Fun and engaging Count and Color worksheet for Kindergarten. Perfect printable math practice.,https://mathworksheetcenter.github.io/html/free-kindergarten-count-and-color-worksheet-3857.html,https://mathworksheetcenter.github.io/images/free-kindergarten-count-and-color-worksheet-3857.jpg,Homeschool Math,04/19/2026 08:34:00 PM
Pre-K Count The Objects Worksheet - Part 171 | Printable Practice,Free printable Counting Objects worksheet for Pre-K. Perfect for homeschool practice and classroom activities.,https://mathworksheetcenter.github.io/html/pre-k-count-the-objects-worksheet-part-171-9627.html,https://mathworksheetcenter.github.io/images/pre-k-count-the-objects-worksheet-part-171-9627.jpg,Elementary Math Activities,04/20/2026 08:30:00 AM
Free 12 Division Math Worksheet For Grade 1 With Answers - Part 172 | Printable Practice,Help kids master Division with this printable worksheet for Grade 1. Great for daily math practice.,https://mathworksheetcenter.github.io/html/free-12-division-math-worksheet-for-grade-1-with-answers-part-172-4484.html,https://mathworksheetcenter.github.io/images/free-12-division-math-worksheet-for-grade-1-with-answers-part-172-4484.jpg,Kids Math Worksheets,04/20/2026 11:04:00 AM
7 Math Trivia Practice Worksheet,Teachers and parents love this Math worksheet for Math. Download and print instantly.,https://mathworksheetcenter.github.io/html/7-math-trivia-practice-worksheet-7426.html,https://mathworksheetcenter.github.io/images/7-math-trivia-practice-worksheet-7426.jpg,Homeschool Math,04/20/2026 01:32:00 PM
Missing Number Math Worksheet,Teachers and parents love this Missing Number worksheet for Grade 1. Download and print instantly.,https://mathworksheetcenter.github.io/html/missing-number-math-worksheet-1709.html,https://mathworksheetcenter.github.io/images/missing-number-math-worksheet-1709.jpg,Math Practice Printables,04/20/2026 04:22:00 PM
Mixed Operations Math Worksheet,Fun and engaging Mixed Operations worksheet for Grade 3. Perfect printable math practice.,https://mathworksheetcenter.github.io/html/mixed-operations-math-worksheet-3717.html,https://mathworksheetcenter.github.io/images/mixed-operations-math-worksheet-3717.jpg,Kids Math Worksheets,04/20/2026 08:27:00 PM
Printable Free 18 Multiplication Math Worksheet For Grade 2 - Part 176 | Printable Practice,Printable Multiplication worksheet designed for Grade 2 students. Easy and fun math practice.,https://mathworksheetcenter.github.io/html/printable-free-18-multiplication-math-worksheet-for-grade-2-part-176-6296.html,https://mathworksheetcenter.github.io/images/printable-free-18-multiplication-math-worksheet-for-grade-2-part-176-6296.jpg,Homeschool Math,04/21/2026 08:38:00 AM
Free 20 Subtraction Math Worksheet For Grade 3 - Part 177 | Printable Practice,Free printable Subtraction worksheet for Grade 3. Perfect for homeschool practice and classroom activities.,https://mathworksheetcenter.github.io/html/free-20-subtraction-math-worksheet-for-grade-3-part-177-7022.html,https://mathworksheetcenter.github.io/images/free-20-subtraction-math-worksheet-for-grade-3-part-177-7022.jpg,Printable Worksheets,04/21/2026 11:00:00 AM
Grade 2 Multiplication Table 3 Practice - Part 178 | Printable Practice,Free printable Times Table worksheet for Grade 2. Perfect for homeschool practice and classroom activities.,https://mathworksheetcenter.github.io/html/grade-2-multiplication-table-3-practice-part-178-8685.html,https://mathworksheetcenter.github.io/images/grade-2-multiplication-table-3-practice-part-178-8685.jpg,Homeschool Math,04/21/2026 01:29:00 PM
Printable Tracing Worksheet For Kids - Part 179 | Free Printable,Printable Tracing worksheet designed for Kindergarten students. Easy and fun math practice.,https://mathworksheetcenter.github.io/html/printable-tracing-worksheet-for-kids-part-179-2152.html,https://mathworksheetcenter.github.io/images/printable-tracing-worksheet-for-kids-part-179-2152.jpg,Printable Worksheets,04/21/2026 04:22:00 PM
Math Word Problem Worksheet,Printable Word Problem worksheet designed for Grade 3 students. Easy and fun math practice.,https://mathworksheetcenter.github.io/html/math-word-problem-worksheet-8637.html,https://mathworksheetcenter.github.io/images/math-word-problem-worksheet-8637.jpg,Printable Worksheets,04/21/2026 08:34:00 PM
Grade 1 Addition Practice Worksheet (12 Problems) - Part 181 | Printable Practice,Free printable Addition worksheet for Grade 1. Perfect for homeschool practice and classroom activities.,https://mathworksheetcenter.github.io/html/grade-1-addition-practice-worksheet-12-problems-part-181-1468.html,https://mathworksheetcenter.github.io/images/grade-1-addition-practice-worksheet-12-problems-part-181-1468.jpg,Kids Math Worksheets,04/22/2026 08:30:00 AM
Printable Count and Color Worksheet for Kindergarten Kids,Free printable Count and Color worksheet for Kindergarten. Perfect for homeschool practice and classroom activities.,https://mathworksheetcenter.github.io/html/printable-count-and-color-worksheet-for-kindergarten-kids-1924.html,https://mathworksheetcenter.github.io/images/printable-count-and-color-worksheet-for-kindergarten-kids-1924.jpg,Printable Worksheets,04/22/2026 11:01:00 AM
Kindergarten Count The Objects Worksheet - Part 183 | Printable Practice,Printable Counting Objects worksheet designed for Kindergarten students. Easy and fun math practice.,https://mathworksheetcenter.github.io/html/kindergarten-count-the-objects-worksheet-part-183-7097.html,https://mathworksheetcenter.github.io/images/kindergarten-count-the-objects-worksheet-part-183-7097.jpg,Printable Worksheets,04/22/2026 01:23:00 PM
Printable Free 17 Division Math Worksheet For Grade 1 - Part 184 | Printable Practice,Free printable Division worksheet for Grade 1. Perfect for homeschool practice and classroom activities.,https://mathworksheetcenter.github.io/html/printable-free-17-division-math-worksheet-for-grade-1-part-184-6108.html,https://mathworksheetcenter.github.io/images/printable-free-17-division-math-worksheet-for-grade-1-part-184-6108.jpg,Printable Worksheets,04/22/2026 04:26:00 PM
Free Printable Math Skill Test for Students (4 Questions),Printable Math worksheet designed for Math students. Easy and fun math practice.,https://mathworksheetcenter.github.io/html/free-printable-math-skill-test-for-students-4-questions-9214.html,https://mathworksheetcenter.github.io/images/free-printable-math-skill-test-for-students-4-questions-9214.jpg,Math Practice Printables,04/22/2026 08:29:00 PM
Missing Number Math Worksheet,Printable Missing Number worksheet designed for Grade 1 students. Easy and fun math practice.,https://mathworksheetcenter.github.io/html/missing-number-math-worksheet-3107.html,https://mathworksheetcenter.github.io/images/missing-number-math-worksheet-3107.jpg,Kids Math Worksheets,04/23/2026 08:26:00 AM
Mixed Operations Math Worksheet,Printable Mixed Operations worksheet designed for Grade 3 students. Easy and fun math practice.,https://mathworksheetcenter.github.io/html/mixed-operations-math-worksheet-8022.html,https://mathworksheetcenter.github.io/images/mixed-operations-math-worksheet-8022.jpg,Math Practice Printables,04/23/2026 11:00:00 AM
Printable Free 10 Multiplication Math Worksheet For Grade 1 - Part 188 | Printable Practice,Teachers and parents love this Multiplication worksheet for Grade 1. Download and print instantly.,https://mathworksheetcenter.github.io/html/printable-free-10-multiplication-math-worksheet-for-grade-1-part-188-4304.html,https://mathworksheetcenter.github.io/images/printable-free-10-multiplication-math-worksheet-for-grade-1-part-188-4304.jpg,Homeschool Math,04/23/2026 01:22:00 PM
Printable Free 29 Subtraction Math Worksheet For Grade 3 - Part 189 | Printable Practice,Teachers and parents love this Subtraction worksheet for Grade 3. Download and print instantly.,https://mathworksheetcenter.github.io/html/printable-free-29-subtraction-math-worksheet-for-grade-3-part-189-4029.html,https://mathworksheetcenter.github.io/images/printable-free-29-subtraction-math-worksheet-for-grade-3-part-189-4029.jpg,Printable Worksheets,04/23/2026 04:38:00 PM
4 Times Table Worksheet For Grade 2 With Answers - Part 190 | Printable Practice,Fun and engaging Times Table worksheet for Grade 2. Perfect printable math practice.,https://mathworksheetcenter.github.io/html/4-times-table-worksheet-for-grade-2-with-answers-part-190-3926.html,https://mathworksheetcenter.github.io/images/4-times-table-worksheet-for-grade-2-with-answers-part-190-3926.jpg,Math Practice Printables,04/23/2026 08:37:00 PM
Printable Tracing Worksheet For Kids - Part 191 | Free Printable,Fun and engaging Tracing worksheet for Kindergarten. Perfect printable math practice.,https://mathworksheetcenter.github.io/html/printable-tracing-worksheet-for-kids-part-191-2012.html,https://mathworksheetcenter.github.io/images/printable-tracing-worksheet-for-kids-part-191-2012.jpg,Homeschool Math,04/24/2026 08:27:00 AM
Math Word Problem Worksheet,Fun and engaging Word Problem worksheet for Grade 3. Perfect printable math practice.,https://mathworksheetcenter.github.io/html/math-word-problem-worksheet-6792.html,https://mathworksheetcenter.github.io/images/math-word-problem-worksheet-6792.jpg,Homeschool Math,04/24/2026 11:01:00 AM
Free 14 Addition Math Worksheet For Grade 1 With Answers - Part 193 | Printable Practice,Free printable Addition worksheet for Grade 1. Perfect for homeschool practice and classroom activities.,https://mathworksheetcenter.github.io/html/free-14-addition-math-worksheet-for-grade-1-with-answers-part-193-4569.html,https://mathworksheetcenter.github.io/images/free-14-addition-math-worksheet-for-grade-1-with-answers-part-193-4569.jpg,Elementary Math Activities,04/24/2026 01:28:00 PM
Fun Count and Color Objects Worksheet for Kindergarten,Free printable Count and Color worksheet for Kindergarten. Perfect for homeschool practice and classroom activities.,https://mathworksheetcenter.github.io/html/fun-count-and-color-objects-worksheet-for-kindergarten-8032.html,https://mathworksheetcenter.github.io/images/fun-count-and-color-objects-worksheet-for-kindergarten-8032.jpg,Math Practice Printables,04/24/2026 04:37:00 PM
Kindergarten Count The Objects Worksheet - Part 195 | Printable Practice,Teachers and parents love this Counting Objects worksheet for Kindergarten. Download and print instantly.,https://mathworksheetcenter.github.io/html/kindergarten-count-the-objects-worksheet-part-195-7255.html,https://mathworksheetcenter.github.io/images/kindergarten-count-the-objects-worksheet-part-195-7255.jpg,Math Practice Printables,04/24/2026 08:28:00 PM
Grade 2 Division Practice Worksheet (17 Problems) - Part 196 | Printable Practice,Free printable Division worksheet for Grade 2. Perfect for homeschool practice and classroom activities.,https://mathworksheetcenter.github.io/html/grade-2-division-practice-worksheet-17-problems-part-196-3279.html,https://mathworksheetcenter.github.io/images/grade-2-division-practice-worksheet-17-problems-part-196-3279.jpg,Printable Worksheets,04/25/2026 08:32:00 AM
7 Math Quiz,Fun and engaging Math worksheet for Math. Perfect printable math practice.,https://mathworksheetcenter.github.io/html/7-math-quiz-4612.html,https://mathworksheetcenter.github.io/images/7-math-quiz-4612.jpg,Math Practice Printables,04/25/2026 11:05:00 AM
Missing Number Math Worksheet,Printable Missing Number worksheet designed for Grade 1 students. Easy and fun math practice.,https://mathworksheetcenter.github.io/html/missing-number-math-worksheet-5614.html,https://mathworksheetcenter.github.io/images/missing-number-math-worksheet-5614.jpg,Math Practice Printables,04/25/2026 01:35:00 PM
Mixed Operations Math Worksheet,Fun and engaging Mixed Operations worksheet for Grade 3. Perfect printable math practice.,https://mathworksheetcenter.github.io/html/mixed-operations-math-worksheet-9851.html,https://mathworksheetcenter.github.io/images/mixed-operations-math-worksheet-9851.jpg,Kids Math Worksheets,04/25/2026 04:32:00 PM
Free 12 Multiplication Math Worksheet For Grade 2 With Answers - Part 200 | Printable Practice,Printable Multiplication worksheet designed for Grade 2 students. Easy and fun math practice.,https://mathworksheetcenter.github.io/html/free-12-multiplication-math-worksheet-for-grade-2-with-answers-part-200-1866.html,https://mathworksheetcenter.github.io/images/free-12-multiplication-math-worksheet-for-grade-2-with-answers-part-200-1866.jpg,Printable Worksheets,04/25/2026 08:36:00 PM
